Employee Id,Name,Age,Department,Date of Joining,Years of Experience,Country,Salary,Performance Rating,Total Sales,Support Rating
1,Stephen Cummings,36,Sales,2015-01-01,6,Kaldora,127621,3,87491,0
2,Jessica Yoder,45,Marketing,2017-01-01,11,Aqualis,102035,5,0,0
3,Eric Zimmerman,44,Support,2023-01-01,1,Xentara,115498,5,0,5
4,Scott Ellis,47,Development,2024-01-01,4,Arkalon,84189,2,0,0
5,Kathryn Jones,45,Operations,2019-01-01,7,Lumeria,100865,5,0,0
6,Chad Padilla,29,Development,2021-01-01,6,Kaldora,99903,4,0,0
7,Brian Chavez,31,Marketing,2020-01-01,9,Vantor,89533,2,0,0
8,Steven Jones,36,Operations,2020-01-01,4,Vantor,82867,2,0,0
9,Alvin Hicks,32,Development,2014-01-01,9,Lumeria,101851,3,0,0
10,Beverly Rush,40,Marketing,2012-01-01,3,Nirvon,84931,4,0,0
11,Jordan Webb,41,Sales,2021-01-01,19,Nirvon,145502,4,97175,0
12,Marisa Davis,31,Sales,2012-01-01,4,Kaldora,104709,2,50562,0
13,Kenneth Wright,49,Marketing,2019-01-01,15,Utopia,117173,5,0,0
14,Ryan Hurley,31,Development,2020-01-01,2,Aqualis,96772,4,0,0
15,Bernard Bennett,46,Development,2017-01-01,19,Zebronia,124922,2,0,0
16,Terry Miller,60,Development,2021-01-01,19,Nirvon,127488,3,0,0
17,Denise Singh,34,Development,2011-01-01,8,Vantor,99611,3,0,0
18,Angela Scott DDS,40,Support,2013-01-01,16,Aqualis,108005,4,0,4
19,Robert Baker,34,Sales,2021-01-01,9,Drogol,112407,2,65978,0
20,Miguel Garrett,56,Operations,2016-01-01,14,Arkalon,107100,3,0,0
21,Pamela Moses,37,Marketing,2023-01-01,8,Aqualis,91684,3,0,0
22,Tommy Ward,27,Development,2013-01-01,4,Lumeria,105106,5,0,0
23,Keith Holden,54,Development,2025-01-01,11,Xentara,94900,2,0,0
24,Robert Martin,57,Development,2013-01-01,13,Utopia,127452,5,0,0
25,Melissa Hamilton,44,Support,2018-01-01,13,Aqualis,87598,2,0,2
26,Sarah Turner,36,Operations,2018-01-01,4,Vantor,95341,5,0,0
27,Craig Russell,44,Support,2012-01-01,7,Zebronia,78382,1,0,1
28,Victoria Porter,52,Marketing,2010-01-01,20,Nirvon,110286,2,0,0
29,Craig Sampson,35,Leadership,2018-01-01,9,Vantor,267436,2,0,0
30,Michael Howard,29,Operations,2011-01-01,7,Zebronia,100348,5,0,0
31,Sean Sampson,42,Leadership,2010-01-01,2,Nirvon,500000,3,0,0
32,Clayton Singh,52,Support,2013-01-01,18,Vantor,92054,2,0,3
33,Joshua Wilkins,37,Sales,2023-01-01,14,Nirvon,110795,3,65708,0
34,Carl Arnold,33,Operations,2018-01-01,9,Aqualis,93019,2,0,0
35,Jessica Williams,52,Operations,2010-01-01,14,Drogol,120142,5,0,0
36,Crystal Baker,36,Development,2017-01-01,7,Arkalon,103335,4,0,0
37,Keith Ellis,31,Support,2025-01-01,8,Arkalon,82524,2,0,3
38,Ashley Matthews,42,Sales,2016-01-01,19,Arkalon,109894,2,62719,0
39,Carolyn Rodriguez,46,Development,2010-01-01,9,Lumeria,109444,5,0,0
40,Susan Pearson,40,Marketing,2026-01-01,7,Drogol,82313,4,0,0
41,Jody Glenn,39,Support,2011-01-01,5,Nirvon,92524,2,0,3
42,Angela Brown,56,Operations,2016-01-01,15,Arkalon,110575,3,0,0
43,Amanda Glover,58,Development,2023-01-01,16,Xentara,112297,3,0,0
44,Daniel House,44,Operations,2026-01-01,14,Drogol,95512,3,0,0
45,Lindsay Griffith,42,Development,2023-01-01,6,Utopia,91936,2,0,0
46,Austin Dougherty,52,Operations,2019-01-01,18,Zebronia,112442,2,0,0
47,Catherine Fitzgerald,42,Support,2020-01-01,7,Utopia,76566,1,0,1
48,Frank Chavez,52,Sales,2010-01-01,10,Drogol,160642,5,130913,0
49,Danielle Duran,33,Operations,2024-01-01,5,Aqualis,95326,5,0,0
50,James Scott,49,Development,2016-01-01,7,Utopia,97123,3,0,0
51,Eric Bass,28,Development,2026-01-01,2,Zebronia,78219,4,0,0
52,Lisa Moore,46,Development,2019-01-01,13,Zebronia,109296,2,0,0
53,Cheryl Hall,46,Sales,2014-01-01,1,Zebronia,146839,4,115963,0
54,Mark Ortiz,49,Support,2023-01-01,6,Utopia,90718,3,0,3
55,Jorge Bowen,30,Development,2024-01-01,2,Drogol,86766,4,0,0
56,Jordan Thompson,33,Operations,2025-01-01,11,Utopia,90499,3,0,0
57,Walter Lloyd,49,Development,2022-01-01,4,Utopia,95293,4,0,0
58,Christine Willis,41,Operations,2023-01-01,15,Vantor,111960,4,0,0
59,Cynthia Mitchell,45,Marketing,2022-01-01,15,Lumeria,101543,5,0,0
60,Virginia Taylor,32,Sales,2023-01-01,7,Vantor,117956,2,75608,0
61,Anthony Hines,62,Development,2024-01-01,19,Lumeria,129152,4,0,0
62,Meagan Wilkins,55,Leadership,2012-01-01,15,Arkalon,500000,3,0,0
63,Erica Lopez,42,Development,2020-01-01,10,Zebronia,119960,5,0,0
64,Stephen Landry,54,Sales,2012-01-01,16,Kaldora,118371,3,68153,0
65,Nicole Smith,44,Support,2011-01-01,6,Vantor,86753,2,0,2
66,Jeanne Thomas,57,Sales,2010-01-01,20,Nirvon,114886,3,61356,0
67,Michelle Long,29,Operations,2020-01-01,7,Kaldora,89497,2,0,0
68,Brandon Boyd,46,Development,2018-01-01,15,Vantor,115649,2,0,0
69,Christopher Williams,43,Sales,2022-01-01,13,Kaldora,107357,2,71090,0
70,Kyle Guzman,55,Operations,2021-01-01,17,Drogol,112326,3,0,0
71,Dr. Nancy Lopez,48,Support,2024-01-01,12,Kaldora,70679,1,0,1
72,Brenda Davis,49,Support,2017-01-01,13,Utopia,107815,4,0,4
73,Willie Mercer,46,Support,2017-01-01,11,Aqualis,97129,3,0,3
74,Christopher Madden Jr.,40,Operations,2022-01-01,7,Zebronia,85974,3,0,0
75,Brandy Webster,46,Support,2010-01-01,8,Drogol,88383,2,0,2
76,Jennifer Graham,60,Marketing,2019-01-01,18,Aqualis,107216,2,0,0
77,Jessica Jenkins,52,Operations,2025-01-01,14,Kaldora,104847,5,0,0
78,James Hebert,48,Development,2016-01-01,20,Zebronia,137158,5,0,0
79,Scott Kim,59,Development,2024-01-01,18,Zebronia,131825,5,0,0
80,Cristina Burke,36,Operations,2018-01-01,8,Nirvon,92044,2,0,0
81,Kevin Scott DVM,54,Development,2011-01-01,11,Zebronia,113349,4,0,0
82,Cheyenne Williams,47,Development,2016-01-01,13,Arkalon,127686,5,0,0
83,Dustin Kaufman,52,Development,2018-01-01,14,Xentara,114753,3,0,0
84,Christopher Hernandez,41,Support,2022-01-01,14,Nirvon,91990,4,0,3
85,Mary Flores,38,Support,2014-01-01,2,Aqualis,107645,4,0,3
86,Misty Williams,29,Sales,2017-01-01,5,Zebronia,135325,3,100261,0
87,Miranda Gordon,57,Support,2010-01-01,17,Nirvon,82024,2,0,1
88,Tammy Wood,42,Development,2012-01-01,16,Kaldora,119623,3,0,0
89,Wesley Baxter,54,Sales,2021-01-01,19,Kaldora,87535,1,29328,0
90,Alan Weaver,41,Support,2021-01-01,11,Kaldora,93355,2,0,3
91,Dillon Fox,45,Leadership,2015-01-01,17,Zebronia,274840,5,0,0
92,Cassandra Ingram,48,Development,2015-01-01,18,Lumeria,125298,3,0,0
93,Whitney White,37,Development,2017-01-01,13,Arkalon,117707,4,0,0
94,Barbara Vargas,28,Sales,2016-01-01,4,Utopia,143275,3,113820,0
95,Peter Green,57,Development,2012-01-01,17,Drogol,129075,5,0,0
96,Stephanie Armstrong,54,Marketing,2014-01-01,13,Utopia,96771,2,0,0
97,Denise Walker,58,Operations,2026-01-01,18,Kaldora,100032,2,0,0
98,Sandra Castro,47,Support,2012-01-01,7,Arkalon,114619,5,0,5
99,Andrea Leonard,29,Support,2026-01-01,1,Nirvon,79284,3,0,2
100,Joseph Crosby,47,Operations,2021-01-01,16,Nirvon,107603,2,0,0
101,Samantha Ellis,51,Support,2025-01-01,20,Lumeria,76609,2,0,2
102,Katherine Lewis,37,Development,2015-01-01,6,Arkalon,94065,3,0,0
103,Eric Duncan,58,Development,2012-01-01,14,Kaldora,115029,3,0,0
104,Carla Rios,33,Development,2019-01-01,4,Vantor,96663,5,0,0
105,Jeremy Ross,24,Operations,2019-01-01,2,Drogol,82264,3,0,0
106,Mary Johnson,47,Development,2013-01-01,12,Aqualis,108095,2,0,0
107,Leslie Martin,36,Development,2025-01-01,6,Drogol,85167,3,0,0
108,Troy Gordon,37,Marketing,2019-01-01,12,Drogol,109448,4,0,0
109,Elaine Benson,36,Support,2019-01-01,7,Utopia,102636,3,0,4
110,Jacqueline Ford MD,50,Development,2010-01-01,12,Aqualis,110178,3,0,0
111,Jimmy Hansen,29,Support,2012-01-01,6,Lumeria,82177,2,0,1
112,Brandon Farley,26,Development,2023-01-01,4,Aqualis,80640,2,0,0
113,James Cannon,56,Development,2016-01-01,18,Vantor,129648,4,0,0
114,Dwayne Ortiz,30,Development,2014-01-01,3,Vantor,85280,2,0,0
115,Kaitlyn Wiggins,25,Support,2025-01-01,3,Zebronia,91613,3,0,4
116,Travis Owen,39,Leadership,2019-01-01,15,Arkalon,500000,3,0,0
117,Kimberly Shelton,43,Sales,2024-01-01,13,Arkalon,107779,2,74080,0
118,Amy Morgan,56,Operations,2013-01-01,12,Xentara,102580,3,0,0
119,Sarah Hart,45,Development,2018-01-01,3,Lumeria,85033,2,0,0
120,Gregory Romero,33,Development,2018-01-01,9,Zebronia,99362,2,0,0
121,Jeffrey Hart,39,Development,2022-01-01,12,Vantor,110341,3,0,0
122,Michael Burton,49,Operations,2017-01-01,7,Aqualis,93394,3,0,0
123,John Salazar,57,Support,2016-01-01,17,Lumeria,87561,2,0,2
124,Christine Phillips,31,Development,2013-01-01,6,Arkalon,100464,4,0,0
125,Christopher Rogers,29,Sales,2023-01-01,3,Kaldora,125066,2,89781,0
126,John Harrison,45,Support,2017-01-01,8,Nirvon,96837,3,0,3
127,Peter Lopez,45,Operations,2016-01-01,7,Utopia,99019,5,0,0
128,Louis Jennings,42,Marketing,2013-01-01,12,Arkalon,103024,4,0,0
129,Mark Frank,39,Development,2017-01-01,9,Kaldora,114361,4,0,0
130,Joshua Espinoza DDS,27,Development,2010-01-01,2,Drogol,82169,2,0,0
131,Charles Mcdonald,46,Marketing,2015-01-01,2,Drogol,79132,3,0,0
132,Heather David,54,Development,2014-01-01,9,Utopia,114929,4,0,0
133,Dylan Owen,34,Marketing,2025-01-01,4,Nirvon,76521,4,0,0
134,Laura Hurley,34,Support,2018-01-01,8,Zebronia,85550,1,0,2
135,Scott Archer,35,Leadership,2026-01-01,3,Xentara,258291,3,0,0
136,Steven Campbell,31,Operations,2025-01-01,8,Utopia,84146,3,0,0
137,Ashley Dixon,27,Marketing,2018-01-01,3,Zebronia,83110,3,0,0
138,Lisa Mosley,54,Operations,2022-01-01,10,Utopia,100868,5,0,0
139,Theresa Mcguire,51,Development,2018-01-01,8,Lumeria,107111,5,0,0
140,Nicole Peterson,46,Support,2017-01-01,12,Utopia,102689,3,0,4
141,Steven Hawkins,46,Support,2022-01-01,19,Aqualis,99047,4,0,4
142,Mia Vargas,52,Leadership,2024-01-01,8,Kaldora,266751,5,0,0
143,Selena Burton,46,Support,2020-01-01,14,Nirvon,119233,4,0,5
144,Cody Forbes,49,Marketing,2010-01-01,20,Aqualis,110002,2,0,0
145,Christina Baker,48,Development,2011-01-01,3,Arkalon,102443,5,0,0
146,Joyce Williams,39,Development,2022-01-01,16,Drogol,116901,2,0,0
147,Sandra Armstrong,46,Support,2021-01-01,9,Drogol,111888,4,0,4
148,Michael Hunt,51,Sales,2023-01-01,19,Xentara,130406,4,97435,0
149,Tiffany Thornton,35,Support,2012-01-01,13,Utopia,92066,2,0,3
150,David Lawson,43,Development,2017-01-01,6,Zebronia,101846,5,0,0
151,Briana Powell,38,Operations,2015-01-01,10,Drogol,100595,3,0,0
152,Nicholas Taylor,41,Development,2017-01-01,3,Xentara,88272,3,0,0
153,Christopher Bell,33,Development,2025-01-01,7,Utopia,91509,4,0,0
154,Darren Duncan,28,Support,2011-01-01,3,Xentara,77973,1,0,1
155,Jennifer Green,54,Support,2019-01-01,16,Xentara,112860,4,0,5
156,Robert Ellis,38,Development,2023-01-01,14,Drogol,112056,4,0,0
157,Richard Olson,52,Development,2016-01-01,17,Zebronia,120402,2,0,0
158,Ian Moody,37,Sales,2015-01-01,3,Aqualis,99303,2,44516,0
159,Thomas Ray,40,Marketing,2023-01-01,4,Nirvon,90835,5,0,0
160,James Daniel,33,Operations,2025-01-01,8,Arkalon,87226,4,0,0
161,Tonya Spencer,45,Marketing,2011-01-01,19,Drogol,107117,2,0,0
162,Patrick Shaw,31,Sales,2018-01-01,7,Xentara,123383,3,75147,0
163,Alexander Davis,47,Development,2012-01-01,14,Vantor,126972,4,0,0
164,Jessica Pitts,51,Sales,2016-01-01,18,Kaldora,84295,1,21718,0
165,David Simpson,41,Sales,2023-01-01,1,Vantor,139920,4,112376,0
166,Kendra Thompson,56,Operations,2025-01-01,12,Utopia,99408,5,0,0
167,Mary Aguilar,64,Development,2024-01-01,19,Nirvon,123475,4,0,0
168,Scott Edwards,48,Development,2010-01-01,4,Nirvon,94584,4,0,0
169,Joseph Kerr,61,Development,2019-01-01,20,Nirvon,129810,3,0,0
170,Jason Ochoa,38,Support,2023-01-01,14,Kaldora,87070,2,0,3
171,Shannon Hubbard,42,Marketing,2020-01-01,10,Aqualis,93150,2,0,0
172,Vincent Cunningham,62,Sales,2013-01-01,18,Nirvon,154210,4,126998,0
173,Angel Weber,45,Operations,2024-01-01,4,Arkalon,76524,3,0,0
174,Natalie Robinson,49,Development,2022-01-01,10,Vantor,102299,2,0,0
175,Douglas Davies,46,Operations,2023-01-01,8,Nirvon,101992,5,0,0
176,Patricia Bright,57,Operations,2012-01-01,20,Drogol,115952,2,0,0
177,Laurie Gutierrez,27,Sales,2012-01-01,1,Nirvon,138331,3,102434,0
178,Jesse Green,34,Operations,2017-01-01,1,Xentara,77341,2,0,0
179,Casey Alexander,36,Operations,2024-01-01,13,Zebronia,100375,2,0,0
180,Mr. William Kane,32,Operations,2015-01-01,1,Kaldora,76739,2,0,0
181,Brandon Fitzpatrick,27,Operations,2012-01-01,3,Vantor,84121,3,0,0
182,Alejandra Becker,42,Development,2016-01-01,4,Vantor,87510,2,0,0
183,John Bennett,29,Operations,2020-01-01,7,Arkalon,101640,4,0,0
184,Stacey White,33,Support,2017-01-01,5,Lumeria,82377,2,0,1
185,Richard Lucas,47,Operations,2013-01-01,4,Aqualis,90427,4,0,0
186,Frederick Daniels,45,Marketing,2023-01-01,20,Vantor,109787,2,0,0
187,Gabriela Crawford,35,Support,2019-01-01,11,Kaldora,98392,3,0,3
188,Audrey Allen,53,Operations,2024-01-01,11,Nirvon,102386,4,0,0
189,April Manning,43,Support,2014-01-01,8,Lumeria,89555,3,0,2
190,Donna Vasquez,49,Development,2012-01-01,10,Arkalon,119742,5,0,0
191,Johnny Harrington,49,Development,2016-01-01,11,Xentara,105467,2,0,0
192,James Rocha,33,Development,2015-01-01,9,Kaldora,99427,2,0,0
193,Jacob Proctor,49,Marketing,2011-01-01,19,Drogol,111563,3,0,0
194,Christina Day,42,Development,2024-01-01,18,Drogol,120047,4,0,0
195,Andrew Valencia,52,Marketing,2021-01-01,14,Xentara,101807,3,0,0
196,Charles Bean,43,Operations,2013-01-01,7,Aqualis,89072,2,0,0
197,Howard Wilson,43,Operations,2012-01-01,16,Xentara,125096,5,0,0
198,Christina Small,32,Operations,2012-01-01,9,Zebronia,97013,3,0,0
199,Bridget Shea,33,Operations,2013-01-01,2,Vantor,82181,3,0,0
200,Donna Bell,39,Support,2013-01-01,13,Utopia,85222,1,0,2
201,Sara Pollard,46,Sales,2019-01-01,11,Xentara,132526,3,94504,0
202,Stephanie Schmitt,36,Operations,2012-01-01,11,Lumeria,104697,4,0,0
203,Anne Peterson,43,Development,2015-01-01,12,Aqualis,109800,3,0,0
204,Michael Smith,33,Operations,2026-01-01,3,Zebronia,73479,3,0,0
205,Mark Johns,31,Development,2012-01-01,9,Vantor,117114,5,0,0
206,Sherry Cole,43,Operations,2026-01-01,6,Utopia,74244,2,0,0
207,Denise Cunningham DDS,42,Operations,2017-01-01,9,Xentara,97998,3,0,0
208,Karen Alvarez,60,Operations,2018-01-01,18,Aqualis,111983,2,0,0
209,Barbara Brooks,53,Sales,2011-01-01,16,Kaldora,158329,4,132746,0
210,Justin Jimenez,56,Development,2020-01-01,16,Kaldora,127841,5,0,0
211,Deborah Russell,43,Operations,2011-01-01,11,Aqualis,100715,3,0,0
212,Amber Pierce,45,Support,2013-01-01,12,Xentara,88281,2,0,2
213,Jerry Church,47,Development,2018-01-01,10,Lumeria,110879,4,0,0
214,Tony Weaver,24,Development,2023-01-01,1,Zebronia,83475,3,0,0
215,Sherri Moreno,45,Development,2022-01-01,15,Xentara,115754,2,0,0
216,Carolyn Williams,50,Operations,2021-01-01,15,Nirvon,115773,5,0,0
217,Melissa Goodman,34,Marketing,2023-01-01,4,Arkalon,88082,4,0,0
218,Angela Moore,29,Sales,2023-01-01,4,Aqualis,151547,4,135492,0
219,Ann Morris,46,Development,2026-01-01,13,Kaldora,105911,4,0,0
220,Christopher Brady,51,Operations,2020-01-01,9,Vantor,99901,4,0,0
221,Jacob Garrison,33,Marketing,2015-01-01,10,Nirvon,95732,3,0,0
222,Michelle Wilkinson,25,Development,2014-01-01,1,Zebronia,80442,2,0,0
223,Wendy Taylor,41,Development,2016-01-01,5,Vantor,90514,2,0,0
224,Christopher Marshall,49,Development,2024-01-01,16,Drogol,111603,3,0,0
225,Madison Moreno,57,Sales,2017-01-01,18,Kaldora,118278,3,69097,0
226,Alyssa Fernandez,62,Development,2020-01-01,20,Zebronia,138178,5,0,0
227,Paula Martinez,44,Development,2018-01-01,2,Zebronia,91978,5,0,0
228,Melissa Johnson,45,Sales,2020-01-01,19,Vantor,152714,4,111697,0
229,Jeffrey Owens,35,Development,2014-01-01,3,Zebronia,99662,4,0,0
230,Melissa Martinez,57,Support,2021-01-01,14,Kaldora,112613,4,0,4
231,Crystal Elliott,55,Support,2025-01-01,10,Drogol,101897,4,0,5
232,Marcus Mendez,51,Sales,2026-01-01,19,Arkalon,127595,3,106953,0
233,Collin Parks,53,Development,2018-01-01,15,Utopia,122813,4,0,0
234,Victoria Valdez,39,Development,2025-01-01,7,Aqualis,92710,4,0,0
235,James Morgan,43,Development,2019-01-01,8,Drogol,98383,2,0,0
236,Deborah Davis,53,Sales,2010-01-01,18,Aqualis,156659,4,118274,0
237,Connor Terry,46,Support,2012-01-01,19,Kaldora,109691,5,0,4
238,Katherine Delgado,51,Sales,2022-01-01,16,Zebronia,90201,1,45510,0
239,Stephanie Taylor,41,Development,2016-01-01,8,Xentara,98391,2,0,0
240,Kyle Orr,61,Support,2021-01-01,20,Zebronia,86945,2,0,2
241,Juan Armstrong,60,Development,2019-01-01,20,Kaldora,126538,2,0,0
242,Mrs. Ashley Brown,34,Sales,2025-01-01,10,Lumeria,118088,3,83234,0
243,Mr. Tony Cunningham,41,Support,2015-01-01,13,Lumeria,112957,4,0,5
244,Kevin Adams,32,Support,2017-01-01,5,Xentara,111912,4,0,5
245,Briana Perry,54,Leadership,2022-01-01,20,Lumeria,500000,3,0,0
246,Crystal Baxter,53,Support,2023-01-01,19,Utopia,112595,4,0,5
247,Nancy Smith,48,Support,2021-01-01,9,Lumeria,117886,5,0,4
248,Alicia Rangel,47,Development,2016-01-01,17,Arkalon,119965,2,0,0
249,Jorge Perez,42,Marketing,2017-01-01,3,Aqualis,95538,5,0,0
250,Michael Moore,45,Operations,2018-01-01,4,Zebronia,98032,4,0,0
251,John Robinson,52,Development,2023-01-01,20,Aqualis,130287,3,0,0
252,Brandon Short,46,Marketing,2022-01-01,19,Arkalon,111748,3,0,0
253,Jennifer Murphy,49,Marketing,2013-01-01,4,Drogol,96822,5,0,0
254,Jeremy Hurley,48,Operations,2016-01-01,20,Arkalon,115510,2,0,0
255,Shane Peterson,48,Operations,2012-01-01,3,Lumeria,87348,4,0,0
256,Susan Smith,42,Marketing,2025-01-01,17,Drogol,104479,5,0,0
257,Julie Williams,40,Operations,2019-01-01,3,Aqualis,82507,2,0,0
258,Theresa Mcintyre,55,Operations,2016-01-01,20,Aqualis,119350,3,0,0
259,Andrea Baldwin,52,Development,2022-01-01,10,Xentara,108141,5,0,0
260,James Martin,27,Development,2020-01-01,3,Lumeria,88059,3,0,0
261,Katherine Chen,38,Sales,2021-01-01,7,Arkalon,164254,5,138054,0
262,Timothy Dougherty,58,Development,2013-01-01,18,Vantor,140479,5,0,0
263,Tyler Thomas,30,Development,2022-01-01,6,Zebronia,91600,2,0,0
264,Ricky Galvan,47,Support,2011-01-01,16,Arkalon,78096,1,0,1
265,Sabrina Mills,46,Development,2024-01-01,13,Arkalon,107842,4,0,0
266,Robert Cook,53,Development,2019-01-01,17,Nirvon,121946,3,0,0
267,Jared Black,31,Sales,2016-01-01,8,Drogol,138360,4,96092,0
268,Lisa Morales,45,Development,2023-01-01,17,Aqualis,119264,2,0,0
269,Amy Farrell,52,Leadership,2013-01-01,19,Arkalon,500000,4,0,0
270,Peter Klein,44,Support,2018-01-01,2,Arkalon,85275,1,0,2
271,Kevin Lopez,46,Sales,2023-01-01,15,Vantor,96931,1,57551,0
272,Amanda Moore,30,Operations,2012-01-01,7,Vantor,89419,2,0,0
273,Kimberly Stephens,25,Operations,2020-01-01,3,Xentara,95782,4,0,0
274,Thomas Wagner,57,Development,2015-01-01,16,Zebronia,127188,5,0,0
275,Laurie Lee,53,Operations,2018-01-01,19,Vantor,118055,3,0,0
276,Erin Contreras,53,Development,2016-01-01,19,Zebronia,141805,5,0,0
277,David Dyer,37,Leadership,2019-01-01,5,Utopia,500000,3,0,0
278,Mark Powers,43,Operations,2012-01-01,5,Aqualis,91914,4,0,0
279,Keith Hines,52,Development,2024-01-01,9,Xentara,103080,5,0,0
280,Jessica Trujillo,48,Operations,2021-01-01,6,Xentara,104521,5,0,0
281,Laurie Bailey,41,Marketing,2010-01-01,7,Kaldora,95789,5,0,0
282,Karen Greer,31,Support,2015-01-01,4,Utopia,118119,5,0,4
283,Albert Davies,44,Marketing,2021-01-01,16,Kaldora,117613,4,0,0
284,Brooke Newman,41,Operations,2025-01-01,13,Kaldora,102515,5,0,0
285,Sheila Mcintosh,35,Operations,2012-01-01,3,Nirvon,94149,4,0,0
286,Mrs. Carla Anderson MD,49,Development,2016-01-01,16,Aqualis,119030,3,0,0
287,Janice Gibson,39,Operations,2018-01-01,16,Xentara,114699,4,0,0
288,Kimberly Perry,41,Sales,2024-01-01,18,Kaldora,82947,1,32277,0
289,Francisco Bryant,57,Marketing,2017-01-01,12,Nirvon,102534,4,0,0
290,Samuel Pope,43,Development,2017-01-01,16,Utopia,118180,2,0,0
291,Christian Parsons,59,Development,2017-01-01,20,Xentara,142677,4,0,0
292,Charles Jones,24,Sales,2017-01-01,1,Xentara,116664,3,65357,0
293,Robin Francis,39,Development,2019-01-01,2,Vantor,100565,5,0,0
294,Christopher Woods,49,Sales,2015-01-01,16,Arkalon,87286,1,28457,0
295,James Reed,41,Development,2024-01-01,10,Nirvon,100926,2,0,0
296,Derrick Cochran,35,Development,2014-01-01,9,Aqualis,114557,4,0,0
297,Heather Miller,34,Sales,2012-01-01,9,Lumeria,144225,3,119450,0
298,Benjamin Day,37,Marketing,2015-01-01,5,Drogol,99608,5,0,0
299,William Gonzales,31,Development,2014-01-01,4,Vantor,89321,3,0,0
300,Amanda Hogan,46,Operations,2010-01-01,3,Arkalon,93113,5,0,0
301,Michael Hawkins,47,Marketing,2013-01-01,9,Vantor,93465,3,0,0
302,Jesse Olson,46,Operations,2011-01-01,10,Zebronia,100779,3,0,0
303,Sarah Abbott,48,Sales,2021-01-01,8,Utopia,145447,3,118452,0
304,Paul Cooper,40,Operations,2016-01-01,4,Xentara,94991,5,0,0
305,Victor Smith,49,Sales,2017-01-01,4,Vantor,93110,2,30945,0
306,Matthew Wise,39,Sales,2014-01-01,4,Nirvon,155713,4,130321,0
307,Mia Davis,45,Support,2015-01-01,9,Zebronia,78410,1,0,1
308,Lori Pacheco,57,Development,2015-01-01,16,Arkalon,131941,4,0,0
309,Amanda Mathews,51,Marketing,2010-01-01,14,Utopia,103138,3,0,0
310,Lauren Wise,54,Development,2014-01-01,15,Drogol,125175,5,0,0
311,Michele Mcintosh,30,Support,2021-01-01,2,Nirvon,102742,3,0,4
312,Eugene Martin,58,Support,2026-01-01,16,Vantor,67389,1,0,1
313,Nathaniel Johnson,61,Development,2016-01-01,18,Aqualis,125522,3,0,0
314,Robert Cohen,42,Marketing,2010-01-01,2,Kaldora,84284,4,0,0
315,Debra Alvarado,51,Sales,2011-01-01,19,Zebronia,160932,5,127813,0
316,Nichole Foster,57,Sales,2019-01-01,19,Xentara,118326,3,68779,0
317,George Harrison,53,Sales,2025-01-01,20,Nirvon,155751,5,138595,0
318,Shannon Lambert,38,Operations,2024-01-01,11,Kaldora,95778,2,0,0
319,James Johnson,59,Development,2011-01-01,18,Xentara,122617,2,0,0
320,Timothy Kelly,42,Support,2023-01-01,19,Nirvon,99919,4,0,3
321,Kevin Reyes,42,Marketing,2011-01-01,14,Utopia,114050,5,0,0
322,Angela Humphrey,50,Marketing,2015-01-01,19,Drogol,125985,5,0,0
323,Donna Adams,56,Marketing,2016-01-01,12,Vantor,95387,2,0,0
324,Melinda Sanchez,50,Operations,2022-01-01,18,Zebronia,115312,5,0,0
325,Jason Miranda,56,Development,2019-01-01,19,Nirvon,140421,4,0,0
326,Lydia Wong,56,Development,2021-01-01,19,Xentara,135410,5,0,0
327,Jose Diaz,42,Sales,2023-01-01,12,Utopia,80648,1,25820,0
328,Kristina Burton,42,Support,2019-01-01,20,Vantor,97527,3,0,3
329,Joseph Cook,39,Operations,2021-01-01,9,Arkalon,110473,5,0,0
330,Amanda Mccoy,55,Sales,2025-01-01,14,Zebronia,88161,2,39531,0
331,Joe Long,60,Support,2018-01-01,19,Nirvon,86791,2,0,2
332,Kevin Clark,43,Support,2026-01-01,3,Kaldora,84106,3,0,3
333,Daniel Richmond,26,Marketing,2011-01-01,3,Utopia,82818,3,0,0
334,James Blackwell,40,Marketing,2024-01-01,3,Xentara,78051,2,0,0
335,Ronald Mcclain,48,Development,2013-01-01,20,Zebronia,128361,2,0,0
336,Krystal Lopez,46,Development,2013-01-01,7,Lumeria,109029,4,0,0
337,Timothy Gomez,38,Operations,2017-01-01,5,Aqualis,99711,4,0,0
338,Edwin Gallegos,54,Development,2020-01-01,9,Arkalon,106517,4,0,0
339,Jennifer Rodriguez,54,Support,2013-01-01,12,Drogol,102939,3,0,4
340,Scott Clark,54,Support,2023-01-01,20,Kaldora,113104,4,0,5
341,Laura Hernandez,50,Marketing,2013-01-01,6,Kaldora,84923,2,0,0
342,Brian Martinez,58,Sales,2022-01-01,13,Kaldora,125544,2,85923,0
343,Samuel Mitchell,31,Development,2013-01-01,2,Drogol,92120,5,0,0
344,Edward Watson,49,Support,2022-01-01,5,Aqualis,83385,2,0,1
345,Dustin Welch,30,Sales,2017-01-01,3,Aqualis,144893,4,98804,0
346,Kathleen Brewer,48,Sales,2016-01-01,3,Arkalon,120901,3,72319,0
347,Nicole Everett,42,Marketing,2021-01-01,15,Nirvon,104463,3,0,0
348,Rebecca Harrison,55,Support,2016-01-01,11,Kaldora,100023,4,0,3
349,Diana Luna,39,Development,2017-01-01,8,Drogol,114566,5,0,0
350,Allison Donovan,40,Support,2024-01-01,13,Xentara,70566,1,0,1
351,Lance Lucero,50,Development,2024-01-01,11,Vantor,95344,2,0,0
352,Blake Li,43,Sales,2023-01-01,11,Kaldora,162944,5,134663,0
353,Kimberly Miller,30,Development,2023-01-01,3,Xentara,90760,5,0,0
354,Walter Elliott,41,Development,2010-01-01,1,Lumeria,97413,5,0,0
355,Christine Newton,37,Support,2011-01-01,4,Arkalon,98123,3,0,3
356,Allen Henry,51,Marketing,2012-01-01,13,Nirvon,109937,4,0,0
357,Autumn Skinner,48,Sales,2016-01-01,5,Lumeria,119742,3,72336,0
358,Keith Smith,38,Support,2011-01-01,13,Kaldora,122762,5,0,5
359,David Mullen,59,Development,2025-01-01,14,Arkalon,102212,2,0,0
360,Christopher Moyer,39,Support,2023-01-01,5,Aqualis,85693,1,0,2
361,Brandy Lindsey,45,Marketing,2017-01-01,12,Xentara,112537,5,0,0
362,Kimberly Mendoza,47,Operations,2016-01-01,20,Zebronia,122234,4,0,0
363,Ariana Frank,45,Marketing,2013-01-01,3,Zebronia,94683,5,0,0
364,Robert Ramirez,39,Operations,2021-01-01,11,Zebronia,114154,5,0,0
365,Daniel Kim,35,Development,2013-01-01,8,Utopia,99556,3,0,0
366,Taylor Hartman,62,Support,2014-01-01,18,Xentara,93339,2,0,3
367,Eric Gomez,35,Development,2012-01-01,10,Utopia,102216,2,0,0
368,James Williams,35,Development,2012-01-01,3,Lumeria,103251,5,0,0
369,Kelsey Byrd,32,Development,2017-01-01,1,Drogol,80254,2,0,0
370,Mrs. Laura Russell,42,Support,2018-01-01,16,Nirvon,116537,5,0,4
371,Brittney Robinson,39,Sales,2013-01-01,7,Drogol,147036,4,102729,0
372,Jeffrey Hall,29,Development,2012-01-01,5,Nirvon,92457,3,0,0
373,Mark Grant,30,Operations,2012-01-01,5,Nirvon,93496,4,0,0
374,Charles Munoz,44,Operations,2023-01-01,10,Drogol,99161,5,0,0
375,Lisa Ramirez,60,Sales,2017-01-01,19,Utopia,121885,2,85016,0
376,Matthew Reynolds,51,Sales,2023-01-01,10,Nirvon,116976,2,88763,0
377,Lisa Wright,48,Marketing,2013-01-01,7,Utopia,103337,5,0,0
378,Mary Anderson,41,Operations,2012-01-01,2,Lumeria,79466,2,0,0
379,Cassandra Johnson,40,Development,2010-01-01,17,Lumeria,119462,2,0,0
380,Peggy Solomon,38,Sales,2021-01-01,7,Vantor,102703,1,55883,0
381,Adam Adams,39,Development,2011-01-01,6,Nirvon,109839,5,0,0
382,Erin Alvarado,59,Marketing,2021-01-01,14,Lumeria,101830,3,0,0
383,Allison Hernandez,52,Marketing,2013-01-01,20,Arkalon,112808,3,0,0
384,Troy Mercer,48,Sales,2021-01-01,8,Zebronia,139939,4,99256,0
385,Danielle Garcia,53,Development,2011-01-01,8,Nirvon,112596,4,0,0
386,Kaitlyn Riggs,23,Development,2012-01-01,1,Lumeria,79819,2,0,0
387,Michael Smith,28,Operations,2020-01-01,4,Utopia,88472,3,0,0
388,Cody Robinson,44,Sales,2020-01-01,5,Drogol,145268,3,115988,0
389,Katherine Frost,56,Sales,2021-01-01,17,Kaldora,99235,2,43481,0
390,Andrew Bennett,33,Support,2017-01-01,6,Zebronia,115025,5,0,5
391,Vicki Browning,46,Operations,2026-01-01,1,Zebronia,72207,4,0,0
392,Robin Velazquez,33,Operations,2018-01-01,1,Xentara,94151,5,0,0
393,Roger Golden,47,Operations,2020-01-01,15,Xentara,119866,4,0,0
394,Kathy Jordan,40,Development,2018-01-01,12,Kaldora,106986,2,0,0
395,Timothy Humphrey,49,Development,2025-01-01,6,Kaldora,84657,3,0,0
396,Martin Lee III,55,Development,2021-01-01,14,Nirvon,119108,4,0,0
397,Peter Hill,36,Development,2010-01-01,9,Utopia,103357,3,0,0
398,Charles Morris,38,Operations,2012-01-01,12,Kaldora,109602,5,0,0
399,David Baker,51,Marketing,2015-01-01,10,Drogol,104430,4,0,0
400,Richard Fox,38,Operations,2013-01-01,16,Vantor,107996,2,0,0
401,Steven King,45,Support,2022-01-01,20,Arkalon,115326,5,0,5
402,Nicholas Williamson,45,Operations,2012-01-01,18,Zebronia,115039,3,0,0
403,Michael Lewis,48,Operations,2020-01-01,19,Arkalon,128225,4,0,0
404,Nicole Morgan,39,Sales,2012-01-01,15,Nirvon,114833,3,61040,0
405,Craig Murphy,37,Development,2015-01-01,11,Lumeria,112023,4,0,0
406,Monica Carpenter,51,Operations,2018-01-01,20,Nirvon,132104,5,0,0
407,Laura Bray,40,Marketing,2022-01-01,1,Vantor,73105,3,0,0
408,Joe Carr,47,Development,2019-01-01,7,Drogol,113079,5,0,0
409,Rebecca Russell,30,Marketing,2013-01-01,3,Drogol,79491,2,0,0
410,Geoffrey Gomez,39,Operations,2016-01-01,9,Vantor,109722,5,0,0
411,Maxwell Gonzalez,61,Development,2011-01-01,19,Drogol,142510,5,0,0
412,Travis Byrd,48,Development,2025-01-01,10,Utopia,99081,4,0,0
413,Wayne Griffin,37,Support,2020-01-01,15,Xentara,84162,1,0,2
414,Sarah Stein,35,Operations,2026-01-01,8,Nirvon,89396,5,0,0
415,Jeffrey Guzman,35,Support,2023-01-01,3,Aqualis,91559,4,0,3
416,William Price,50,Marketing,2012-01-01,12,Zebronia,102715,4,0,0
417,Steven Carter,37,Support,2019-01-01,9,Lumeria,89128,3,0,2
418,Eric Wagner,38,Development,2019-01-01,9,Xentara,107210,4,0,0
419,Martin Sanchez,48,Development,2010-01-01,19,Xentara,133351,4,0,0
420,Kyle Lara,25,Development,2016-01-01,1,Arkalon,80381,2,0,0
421,Alison Wright,34,Development,2026-01-01,10,Vantor,102895,5,0,0
422,Allison Herring,54,Development,2024-01-01,16,Nirvon,126623,5,0,0
423,Gregory Cannon DVM,30,Operations,2017-01-01,2,Zebronia,96978,5,0,0
424,Jason Miller,60,Operations,2021-01-01,16,Nirvon,107485,2,0,0
425,Christopher Miller,35,Operations,2012-01-01,3,Aqualis,100498,5,0,0
426,Stephen Johnson,58,Operations,2026-01-01,16,Aqualis,95284,2,0,0
427,Scott Henderson,33,Development,2021-01-01,6,Vantor,107985,4,0,0
428,Scott Harvey,55,Support,2020-01-01,20,Nirvon,113432,4,0,5
429,Patrick Williams,39,Sales,2013-01-01,1,Aqualis,120592,2,77257,0
430,Jeffery Ramos,35,Marketing,2013-01-01,3,Utopia,95087,5,0,0
431,Maria Aguilar,38,Operations,2020-01-01,15,Drogol,104361,2,0,0
432,Brandon Snyder,41,Sales,2026-01-01,8,Zebronia,91845,2,49507,0
433,Michael Obrien,25,Operations,2012-01-01,2,Aqualis,97867,5,0,0
434,Matthew Williams,28,Operations,2015-01-01,5,Zebronia,101653,5,0,0
435,Shirley Perez,53,Sales,2014-01-01,10,Zebronia,125352,3,81155,0
436,Mr. Joseph Mcclain,28,Operations,2015-01-01,2,Kaldora,79816,2,0,0
437,Jasmine Davis,54,Operations,2024-01-01,17,Zebronia,115096,4,0,0
438,Carlos Espinoza,58,Development,2018-01-01,18,Drogol,122942,2,0,0
439,Kimberly Thornton,43,Support,2010-01-01,9,Aqualis,106779,4,0,3
440,David Moreno,26,Development,2010-01-01,1,Aqualis,80628,2,0,0
441,Andrew Scott,48,Marketing,2016-01-01,16,Lumeria,117349,4,0,0
442,Melissa Montes,34,Sales,2020-01-01,8,Drogol,158235,4,132499,0
443,Lisa Wilkinson,37,Support,2025-01-01,5,Kaldora,75651,1,0,2
444,Shawn Marks,52,Development,2018-01-01,17,Utopia,130917,5,0,0
445,Alicia Molina,60,Development,2025-01-01,15,Drogol,113168,4,0,0
446,James Martinez,53,Support,2019-01-01,8,Vantor,87111,2,0,2
447,Amanda Chavez,36,Development,2023-01-01,9,Arkalon,94109,3,0,0
448,Melanie Blankenship,64,Development,2023-01-01,19,Zebronia,127751,3,0,0
449,Wesley Stewart,36,Operations,2022-01-01,3,Arkalon,74527,2,0,0
450,Jordan Wagner,50,Marketing,2024-01-01,19,Zebronia,115678,5,0,0
451,Lisa Estrada,62,Development,2019-01-01,18,Lumeria,130282,4,0,0
452,Denise Phillips,37,Support,2017-01-01,14,Lumeria,115791,5,0,5
453,Jennifer Brown,37,Marketing,2021-01-01,2,Utopia,76666,2,0,0
454,Eileen Williams,29,Support,2017-01-01,1,Nirvon,107301,4,0,3
455,Ricky Williams,29,Sales,2013-01-01,6,Aqualis,127799,3,85563,0
456,David Brennan,35,Sales,2026-01-01,12,Lumeria,95507,2,56215,0
457,Logan Carter,54,Sales,2010-01-01,16,Nirvon,137759,3,105806,0
458,Tamara Marshall,43,Operations,2019-01-01,16,Drogol,110773,3,0,0
459,Christopher Waller,50,Development,2024-01-01,13,Utopia,108268,4,0,0
460,Francisco Murphy,50,Sales,2015-01-01,14,Nirvon,162408,5,121272,0
461,Jorge Rosario,36,Operations,2010-01-01,11,Lumeria,113296,4,0,0
462,Jesse Armstrong,44,Development,2010-01-01,18,Drogol,124867,3,0,0
463,Rachel Green,35,Sales,2026-01-01,8,Vantor,91714,2,50034,0
464,Katie Hernandez,43,Operations,2016-01-01,15,Vantor,110360,3,0,0
465,Jessica Thomas,48,Development,2023-01-01,19,Lumeria,127190,3,0,0
466,Wendy Thompson,50,Development,2023-01-01,14,Kaldora,111718,4,0,0
467,Mary Garza,51,Operations,2020-01-01,18,Utopia,112702,2,0,0
468,Amanda Long,40,Marketing,2025-01-01,15,Utopia,92798,2,0,0
469,Oscar Thomas,55,Support,2010-01-01,15,Kaldora,82555,2,0,1
470,Courtney Hammond,41,Marketing,2021-01-01,6,Zebronia,87963,3,0,0
471,Charles Fleming,54,Development,2024-01-01,9,Kaldora,98107,4,0,0
472,Jason Smith,49,Marketing,2023-01-01,18,Arkalon,105651,4,0,0
473,Michelle Collins,40,Development,2026-01-01,1,Aqualis,67691,2,0,0
474,Daniel Jordan,51,Operations,2020-01-01,9,Kaldora,99088,4,0,0
475,Tiffany Henderson,38,Sales,2012-01-01,3,Nirvon,82004,1,20300,0
476,Laura Jackson,34,Sales,2025-01-01,8,Drogol,95249,2,50064,0
477,Jennifer Miller,47,Sales,2014-01-01,5,Vantor,129158,3,92171,0
478,Kayla Jones,57,Sales,2017-01-01,14,Lumeria,159990,4,139253,0
479,Michael Alexander,52,Development,2025-01-01,19,Utopia,125700,5,0,0
480,Timothy Brown,40,Development,2019-01-01,11,Aqualis,107159,3,0,0
481,Elizabeth Ruiz,45,Operations,2016-01-01,14,Aqualis,102719,2,0,0
482,Michelle Sanchez,32,Development,2010-01-01,2,Utopia,90228,4,0,0
483,Jennifer Bond,60,Development,2025-01-01,16,Xentara,115275,4,0,0
484,Christina Doyle,55,Support,2023-01-01,18,Zebronia,91942,2,0,3
485,Corey Jones,35,Marketing,2010-01-01,3,Nirvon,79181,2,0,0
486,Sharon Shannon,46,Operations,2014-01-01,8,Zebronia,102670,5,0,0
487,Donald Orr DVM,28,Marketing,2019-01-01,5,Lumeria,82767,2,0,0
488,Anne Simmons,29,Development,2013-01-01,1,Drogol,95122,4,0,0
489,Lisa Garcia,38,Marketing,2016-01-01,10,Zebronia,103292,5,0,0
490,Shawn Bush,44,Operations,2023-01-01,10,Drogol,99548,5,0,0
491,Christina Mckee,42,Development,2024-01-01,19,Drogol,127208,5,0,0
492,Brandon Morton,42,Development,2018-01-01,19,Arkalon,139999,4,0,0
493,Larry Johnson,35,Sales,2023-01-01,1,Vantor,124313,3,79421,0
494,Cheryl Gay,40,Development,2010-01-01,10,Aqualis,104442,3,0,0
495,Catherine Gilbert,41,Marketing,2021-01-01,17,Zebronia,106927,3,0,0
496,Amber Odonnell PhD,54,Marketing,2020-01-01,15,Nirvon,117411,5,0,0
497,Lisa Holt,39,Sales,2020-01-01,6,Arkalon,159774,4,123059,0
498,John Hartman,41,Development,2014-01-01,18,Utopia,125442,3,0,0
499,William Navarro,31,Support,2015-01-01,8,Kaldora,92213,2,0,3
500,Glenda Martin,43,Support,2018-01-01,18,Vantor,89095,3,0,2
501,Tina Nelson,41,Development,2011-01-01,5,Aqualis,93422,3,0,0
502,Raymond Lang,40,Sales,2011-01-01,10,Zebronia,122058,2,81626,0
503,Matthew Morris,46,Operations,2026-01-01,16,Zebronia,99482,3,0,0
504,Melissa Steele,42,Operations,2025-01-01,14,Kaldora,96708,3,0,0
505,Nancy Brooks,45,Support,2023-01-01,15,Xentara,84719,1,0,2
506,Mark Dougherty,46,Development,2026-01-01,3,Xentara,72219,2,0,0
507,John Bradley,48,Support,2023-01-01,17,Aqualis,78458,1,0,2
508,Janice Lopez,52,Development,2023-01-01,15,Nirvon,114633,2,0,0
509,Matthew Long,26,Marketing,2012-01-01,4,Nirvon,85775,3,0,0
510,Jessica Curtis,48,Sales,2012-01-01,7,Xentara,140642,3,109041,0
511,Jared Parker,43,Marketing,2021-01-01,4,Drogol,82414,2,0,0
512,James Brown,46,Operations,2012-01-01,5,Xentara,103038,5,0,0
513,Adam Morrison,46,Support,2022-01-01,19,Vantor,108351,4,0,4
514,Kristina Freeman,41,Development,2019-01-01,3,Nirvon,85603,2,0,0
515,Jennifer Davis,51,Development,2025-01-01,19,Arkalon,124147,5,0,0
516,Mark Smith,62,Operations,2018-01-01,19,Xentara,126522,4,0,0
517,Rachel Hanna,41,Sales,2021-01-01,13,Vantor,86846,1,29409,0
518,Herbert Joseph,44,Support,2013-01-01,20,Zebronia,85437,1,0,2
519,Michelle Coleman,55,Sales,2015-01-01,12,Lumeria,149438,4,117395,0
520,Valerie Munoz,48,Sales,2013-01-01,8,Zebronia,102803,2,49526,0
521,Bradley Johnson,43,Operations,2015-01-01,19,Kaldora,124723,5,0,0
522,Kari Moss,44,Marketing,2022-01-01,15,Xentara,109579,5,0,0
523,Lisa Powers,53,Operations,2013-01-01,18,Kaldora,117896,4,0,0
524,Colton Larson,51,Sales,2025-01-01,15,Zebronia,77887,1,26428,0
525,Jon Simmons,60,Development,2013-01-01,18,Arkalon,137834,4,0,0
526,Gerald Owens,56,Development,2017-01-01,20,Drogol,127832,2,0,0
527,Amanda Morris,52,Support,2025-01-01,18,Zebronia,104221,5,0,5
528,Tina Morris,34,Operations,2016-01-01,8,Lumeria,93240,2,0,0
529,Erica Johnson,49,Operations,2019-01-01,19,Vantor,127578,4,0,0
530,Keith Pratt,41,Development,2017-01-01,8,Drogol,114835,5,0,0
531,Patricia King,37,Operations,2015-01-01,15,Vantor,113249,4,0,0
532,Eric Johnson,40,Support,2018-01-01,5,Aqualis,78115,1,0,1
533,Shaun Huber,37,Development,2010-01-01,1,Xentara,82309,3,0,0
534,Thomas Perez,56,Development,2014-01-01,13,Xentara,110123,2,0,0
535,Christopher Rodriguez,32,Operations,2025-01-01,2,Utopia,80035,5,0,0
536,Jennifer Watson,30,Development,2012-01-01,8,Aqualis,100759,3,0,0
537,Theodore Solomon,36,Marketing,2020-01-01,7,Utopia,87806,2,0,0
538,Brandon Jones,52,Operations,2015-01-01,11,Xentara,112102,4,0,0
539,Tyler Hernandez,51,Development,2023-01-01,15,Kaldora,120016,5,0,0
540,Debbie Alexander MD,59,Support,2025-01-01,18,Kaldora,88207,3,0,3
541,James Williams,47,Sales,2016-01-01,13,Vantor,123404,2,85487,0
542,Mark Scott,48,Development,2010-01-01,11,Arkalon,122339,5,0,0
543,Matthew Harding,48,Development,2024-01-01,16,Zebronia,112823,3,0,0
544,Mr. Joshua Perry,46,Support,2011-01-01,12,Xentara,89419,3,0,2
545,Misty Chan,45,Operations,2018-01-01,6,Lumeria,87583,2,0,0
546,Blake Lopez,42,Marketing,2024-01-01,5,Vantor,84273,5,0,0
547,Glenn Carey,46,Development,2014-01-01,2,Xentara,96740,4,0,0
548,Thomas Graham,50,Support,2026-01-01,14,Kaldora,105927,5,0,5
549,Trevor Lyons,38,Sales,2012-01-01,12,Xentara,103446,2,49302,0
550,Evan Walters,47,Operations,2025-01-01,8,Lumeria,92989,5,0,0
551,Jonathan Skinner,32,Development,2010-01-01,4,Zebronia,104493,5,0,0
552,Annette Peterson,35,Support,2015-01-01,4,Zebronia,107244,4,0,3
553,Michael Lawson,38,Development,2018-01-01,12,Lumeria,118482,5,0,0
554,Melissa Moore,40,Marketing,2015-01-01,18,Aqualis,120197,4,0,0
555,Jennifer Johnson,51,Development,2013-01-01,14,Aqualis,128467,4,0,0
556,Russell Norman,34,Operations,2021-01-01,5,Aqualis,85979,2,0,0
557,Jade Craig,34,Development,2010-01-01,1,Kaldora,90965,5,0,0
558,James Turner,52,Support,2020-01-01,11,Zebronia,88256,2,0,2
559,John Kelley,43,Marketing,2020-01-01,14,Drogol,102276,3,0,0
560,Caroline Cruz,31,Operations,2011-01-01,7,Vantor,103434,4,0,0
561,Christopher Lee,35,Development,2011-01-01,13,Nirvon,112573,3,0,0
562,Maria Long,32,Support,2022-01-01,5,Lumeria,95301,3,0,4
563,Sarah Miller,42,Sales,2025-01-01,15,Zebronia,87441,2,38672,0
564,Michele Perry,46,Operations,2021-01-01,5,Lumeria,102970,5,0,0
565,Stacey Andrews,40,Marketing,2014-01-01,6,Xentara,92799,4,0,0
566,Rose Petersen,37,Operations,2015-01-01,8,Xentara,92759,2,0,0
567,Tara Garcia,58,Development,2019-01-01,13,Kaldora,125536,4,0,0
568,Mary Hayes,50,Support,2014-01-01,15,Drogol,110128,5,0,4
569,Cindy Johnston,37,Marketing,2014-01-01,7,Drogol,87676,2,0,0
570,Kimberly Hall,46,Development,2018-01-01,14,Drogol,119275,4,0,0
571,Kelly Brandt,53,Development,2019-01-01,9,Lumeria,102300,3,0,0
572,Bethany Mosley,35,Development,2018-01-01,6,Nirvon,94361,3,0,0
573,Katherine Patel,64,Development,2014-01-01,20,Arkalon,129441,3,0,0
574,Mrs. Lisa Holder MD,40,Operations,2017-01-01,17,Nirvon,122876,4,0,0
575,Traci Wells,39,Operations,2020-01-01,3,Drogol,100966,5,0,0
576,Christy Rice,38,Sales,2022-01-01,16,Nirvon,128407,3,97715,0
577,Erica Doyle MD,29,Development,2015-01-01,3,Zebronia,102660,5,0,0
578,Jessica Wilson,29,Marketing,2024-01-01,2,Drogol,74398,4,0,0
579,Debra Rodriguez,42,Operations,2015-01-01,10,Vantor,95027,2,0,0
580,Eric Evans,34,Sales,2023-01-01,2,Vantor,81758,1,29825,0
581,Meghan Villegas,36,Support,2023-01-01,2,Drogol,70627,1,0,1
582,Christopher Hoffman,36,Marketing,2016-01-01,9,Xentara,90594,2,0,0
583,April Trujillo,40,Marketing,2024-01-01,6,Xentara,90503,4,0,0
584,Richard Morris,46,Development,2025-01-01,5,Aqualis,87558,4,0,0
585,Misty Stone,51,Development,2012-01-01,7,Lumeria,104991,5,0,0
586,Becky Ochoa,44,Support,2022-01-01,10,Vantor,101569,3,0,4
587,Kyle Sanchez,47,Sales,2017-01-01,15,Drogol,137438,4,94540,0
588,Joseph Garcia,49,Support,2010-01-01,17,Arkalon,123019,5,0,5
589,Ann King,37,Operations,2024-01-01,12,Drogol,104110,4,0,0
590,Shannon Mcdowell,50,Marketing,2025-01-01,15,Aqualis,95387,3,0,0
591,Joseph Velasquez,52,Development,2011-01-01,18,Utopia,125656,3,0,0
592,Catherine Melton,55,Support,2017-01-01,10,Zebronia,76988,1,0,1
593,Ashley Roberts,33,Development,2017-01-01,3,Lumeria,102261,5,0,0
594,Linda Martinez,42,Sales,2020-01-01,10,Aqualis,164328,5,139431,0
595,Heather Hudson,28,Development,2021-01-01,5,Utopia,89864,2,0,0
596,Erika Morrison,60,Support,2024-01-01,20,Arkalon,105623,4,0,5
597,Michael Lopez,52,Sales,2017-01-01,16,Aqualis,144532,4,95093,0
598,Justin Brown,56,Support,2013-01-01,14,Vantor,88086,2,0,2
599,Mark Koch,36,Support,2019-01-01,8,Arkalon,118297,5,0,4
600,Justin Frye,42,Sales,2012-01-01,8,Utopia,108201,2,54345,0
601,Nicole Garcia,56,Development,2017-01-01,14,Kaldora,123136,5,0,0
602,Daniel Lawrence,42,Support,2023-01-01,16,Lumeria,112275,4,0,5
603,Jasmin Black,42,Marketing,2012-01-01,14,Vantor,114214,5,0,0
604,Cynthia Smith,32,Support,2012-01-01,10,Lumeria,76736,1,0,1
605,Derrick Savage,54,Development,2025-01-01,19,Nirvon,117917,3,0,0
606,Donald Green,49,Operations,2021-01-01,17,Aqualis,117308,4,0,0
607,Mitchell Nguyen,46,Support,2023-01-01,11,Zebronia,69317,1,0,1
608,Roberto Griffin MD,28,Development,2017-01-01,4,Arkalon,88110,2,0,0
609,Joseph Robertson,34,Sales,2015-01-01,11,Drogol,144957,3,119045,0
610,Jessica Sutton,41,Marketing,2020-01-01,18,Vantor,123087,5,0,0
611,Teresa Wright,44,Support,2011-01-01,14,Lumeria,107505,4,0,4
612,Jessica Hogan,53,Sales,2024-01-01,16,Vantor,105735,2,54986,0
613,Susan Collins,53,Support,2010-01-01,19,Lumeria,122229,5,0,5
614,Susan Raymond,37,Support,2017-01-01,10,Arkalon,103243,3,0,4
615,Steven Simmons,50,Development,2010-01-01,6,Zebronia,94037,3,0,0
616,Lynn Best,41,Development,2025-01-01,17,Aqualis,109938,2,0,0
617,Zachary White,38,Development,2015-01-01,8,Kaldora,99374,3,0,0
618,Karen Irwin,45,Marketing,2022-01-01,4,Lumeria,86849,4,0,0
619,Sarah Malone,43,Operations,2022-01-01,16,Utopia,118288,5,0,0
620,Jessica Edwards,34,Operations,2016-01-01,3,Xentara,84833,3,0,0
621,Alyssa Eaton,30,Development,2023-01-01,5,Arkalon,95675,5,0,0
622,Cynthia Rose,52,Sales,2013-01-01,13,Arkalon,145536,3,116761,0
623,Alexander Green,54,Support,2025-01-01,9,Vantor,98191,4,0,4
624,Marvin Phelps,24,Development,2010-01-01,1,Kaldora,97307,5,0,0
625,Monica Orr,29,Development,2012-01-01,4,Zebronia,95105,4,0,0
626,Jodi Donovan,52,Development,2021-01-01,7,Vantor,104729,5,0,0
627,Dr. Rachel Stein DDS,35,Operations,2022-01-01,5,Nirvon,85922,4,0,0
628,Nicole Wilson,43,Support,2017-01-01,16,Xentara,122600,5,0,5
629,David Alvarado,45,Operations,2024-01-01,8,Arkalon,91772,3,0,0
630,Lynn Johnson,28,Sales,2010-01-01,1,Drogol,110983,2,61120,0
631,Nancy Howard,49,Operations,2020-01-01,9,Aqualis,100333,4,0,0
632,Eddie Hernandez,56,Sales,2021-01-01,15,Aqualis,120733,2,78920,0
633,Taylor Ruiz,27,Support,2024-01-01,4,Vantor,100425,4,0,3
634,Jasmine Fowler,31,Development,2020-01-01,8,Vantor,113299,4,0,0
635,Tammy Randall,45,Development,2021-01-01,12,Aqualis,107608,2,0,0
636,Matthew Fritz,52,Operations,2022-01-01,8,Lumeria,85635,2,0,0
637,Jerry Freeman,56,Development,2014-01-01,17,Arkalon,122942,3,0,0
638,Tiffany Valdez,38,Marketing,2024-01-01,12,Drogol,97029,5,0,0
639,Samantha Castaneda,53,Support,2024-01-01,12,Lumeria,77739,1,0,1
640,Kimberly Allen,45,Marketing,2026-01-01,9,Kaldora,80376,2,0,0
641,Susan Fuller,37,Operations,2011-01-01,10,Utopia,105274,5,0,0
642,Sabrina Vasquez,58,Development,2022-01-01,17,Arkalon,127965,4,0,0
643,Megan Palmer,34,Development,2019-01-01,12,Aqualis,114976,4,0,0
644,Michelle Williams,27,Operations,2021-01-01,1,Aqualis,95472,5,0,0
645,Gary Morris,48,Development,2016-01-01,4,Kaldora,89575,3,0,0
646,Chelsea Jones MD,42,Development,2019-01-01,20,Xentara,135030,4,0,0
647,Michelle Hunter,61,Development,2026-01-01,16,Aqualis,113374,4,0,0
648,Kylie Hanson,45,Development,2026-01-01,9,Xentara,99110,5,0,0
649,Tony Walter,53,Operations,2012-01-01,13,Drogol,112924,5,0,0
650,Chelsea Rogers,53,Development,2022-01-01,10,Nirvon,102252,4,0,0
651,William Gomez,47,Support,2022-01-01,12,Utopia,99847,4,0,4
652,April Baldwin,41,Development,2015-01-01,7,Zebronia,103229,4,0,0
653,Margaret Moore,51,Operations,2011-01-01,10,Aqualis,102375,4,0,0
654,Alejandra Alvarez,54,Development,2014-01-01,11,Lumeria,120996,4,0,0
655,Russell Lynch,46,Marketing,2012-01-01,6,Nirvon,95198,5,0,0
656,Rebecca Thomas,52,Marketing,2020-01-01,12,Nirvon,95903,2,0,0
657,Matthew Burton,33,Development,2019-01-01,8,Kaldora,99764,3,0,0
658,Andrew Branch,40,Sales,2015-01-01,16,Drogol,143106,4,104780,0
659,Paula Archer,25,Operations,2017-01-01,2,Kaldora,92401,4,0,0
660,Breanna Arroyo,38,Development,2020-01-01,3,Xentara,86593,3,0,0
661,Deanna Foster,36,Development,2025-01-01,7,Lumeria,92024,4,0,0
662,Kari Bond,40,Marketing,2011-01-01,3,Nirvon,79396,2,0,0
663,Benjamin Weaver,31,Operations,2022-01-01,5,Arkalon,85727,4,0,0
664,William Johnson,56,Support,2021-01-01,13,Nirvon,100902,4,0,3
665,Aaron Juarez,39,Support,2024-01-01,5,Xentara,101802,5,0,4
666,Jay Booker,50,Operations,2023-01-01,7,Zebronia,91727,3,0,0
667,Juan Sanchez,30,Operations,2026-01-01,6,Nirvon,79774,3,0,0
668,Virginia Jenkins,50,Sales,2016-01-01,6,Zebronia,112830,2,66570,0
669,Marvin Gray,38,Operations,2010-01-01,10,Kaldora,113031,5,0,0
670,Amy Johnson,49,Marketing,2019-01-01,6,Utopia,97565,4,0,0
671,Christina Norris,49,Operations,2022-01-01,18,Utopia,104975,2,0,0
672,Jennifer Powell,43,Development,2017-01-01,2,Kaldora,84037,3,0,0
673,Thomas Romero,49,Marketing,2011-01-01,7,Aqualis,94844,5,0,0
674,Kaylee Harris,59,Support,2020-01-01,16,Nirvon,120894,4,0,5
675,David Jacobs,43,Marketing,2010-01-01,11,Drogol,94789,2,0,0
676,Brittany Neal,43,Operations,2023-01-01,7,Vantor,91612,3,0,0
677,Samantha Wilson,31,Operations,2019-01-01,6,Lumeria,90304,3,0,0
678,David Johnson,42,Support,2011-01-01,19,Vantor,77771,1,0,1
679,Heather Delgado,42,Sales,2022-01-01,4,Zebronia,112103,2,66182,0
680,Adam Powers,33,Operations,2020-01-01,5,Zebronia,102228,5,0,0
681,Luis Johnson,31,Support,2018-01-01,2,Zebronia,88011,2,0,2
682,Elizabeth Thomas,56,Sales,2018-01-01,18,Lumeria,115333,2,69545,0
683,Thomas Saunders,60,Operations,2017-01-01,16,Nirvon,114219,4,0,0
684,Luke Sanders,60,Support,2022-01-01,15,Arkalon,113303,4,0,5
685,Tony Bowman,59,Development,2012-01-01,16,Arkalon,132566,4,0,0
686,Elizabeth Lewis,51,Development,2019-01-01,6,Aqualis,93472,2,0,0
687,Wendy Baker,39,Sales,2022-01-01,13,Zebronia,165076,5,138143,0
688,Kyle Lawson,40,Sales,2023-01-01,5,Kaldora,105310,2,53214,0
689,Cassandra Harrell,54,Operations,2017-01-01,14,Arkalon,103367,2,0,0
690,Eric Johnson,50,Sales,2011-01-01,17,Lumeria,135761,3,99961,0
691,Samuel Krueger,50,Marketing,2012-01-01,17,Xentara,107700,3,0,0
692,Kimberly Davis,52,Development,2015-01-01,18,Zebronia,133315,5,0,0
693,Judith Sanchez,54,Development,2018-01-01,18,Nirvon,130120,4,0,0
694,Chase Sims,32,Development,2026-01-01,8,Zebronia,90723,3,0,0
695,Lance Hernandez,62,Development,2025-01-01,18,Utopia,120049,4,0,0
696,Michelle Byrd,42,Marketing,2022-01-01,10,Nirvon,93128,4,0,0
697,Nicole Hardy,38,Operations,2023-01-01,13,Lumeria,107493,4,0,0
698,Andrew Carlson,56,Operations,2013-01-01,19,Vantor,118420,3,0,0
699,Amanda Alvarado,34,Operations,2018-01-01,8,Vantor,94356,3,0,0
700,Sarah Matthews,42,Development,2019-01-01,19,Lumeria,125473,2,0,0